"","var","N_used","counts","OR_CI","p"
"AGE_U_20","AGE_U_20","96","0=35; 1=61","0.74 (0.3-1.88)","0.52"
"SEX","SEX","96","0=48; 1=48","0.36 (0.13-0.89)","0.04"
"ETHNIC","ETHNIC","96","1=84; 2=12","2.81 (0.85-8.76)","0.08"
"I_MOS","I_MOS","96","0=7; 1=89","1.55 (0.29-19.54)","0.66"
"I_TIR","I_TIR","96","0=35; 1=61","1.23 (0.49-3.31)","0.66"
"I_WAT","I_WAT","96","0=35; 1=61","1.32 (0.53-3.59)","0.56"
"I_AC","I_AC","96","0=73; 1=23","0.69 (0.2-1.98)","0.52"
"I_BLK","I_BLK","96","0=43; 1=53","1.18 (0.48-2.98)","0.72"
"GEOG2","GEOG","96","0=47; 1=49","2.75 (1.11-7.45)","0.04"
"FEVER_2YR","FEVER_2YR","96","0=77; 1=19","1.82 (0.63-4.96)","0.25"
"DOC_2YR","DOC_2YR","96","0=80; 1=16","2.41 (0.81-6.79)","0.1"
"HH_D","HH_D","96","0=87; 1=9","0.69 (0.08-3.04)","0.66"
